Subprimer,Office Code,id_agency,id_subagency,id_org,id_suborg,subprimer_line_num,assigned_indiv,seeding_complete,Date,Event,Comments,is_office
Office of Enforcement and Compliance Assurance,106000000,1,6,0,0,,,27/29,,,,1
Office of Administration and Policy,106000001,1,6,0,0,1,,1,17-Feb,DataRescue NH,,
"Office of Civil Enforcement (OCE): Air, Water, Waste and Chemical Enforcement",106000002,1,6,0,0,2,,1,17-Feb,DataRescue NH,,
OCE: National Enforcement Initiatives,106000003,1,6,0,0,3,,1,17-Feb,DataRescue NH,,
OCE: Civil enforcement cases and settlements,106000004,1,6,0,0,4,,1,17-Feb,DataRescue NH,,
OCE: Policy Guidance and Publications,106000005,1,6,0,0,5,,1,17-Feb,DataRescue NH,,
"Office of Criminal Enforcement, Forensics and Training (OCEFT): Criminal Enforcement Cases",106000006,1,6,0,0,6,,1,17-Feb,DataRescue NH,,
OCEFT: Criminal Enforcement Program Area and Resident Offices,106000007,1,6,0,0,7,,1,17-Feb,DataRescue NH,,
OCEFT: Environmental Violation Reporting,106000008,1,6,0,0,8,,1,17-Feb,DataRescue NH,,
OCEFT: EPA fugitives,106000009,1,6,0,0,9,,1,17-Feb,DataRescue NH,,
OCEFT: National Enforcement Investigations Center,106000010,1,6,0,0,10,,1,17-Feb,DataRescue NH,,
Office of Compliance (OC): EPA National Enforcement Initiatives,106000011,1,6,0,0,11,,1,17-Feb,DataRescue NH,,
OC: Statutory Programs Compliance Monitoring,106000012,1,6,0,0,12,,1,17-Feb,DataRescue NH,,
OC: Compliance Assistance,106000013,1,6,0,0,13,,1,17-Feb,DataRescue NH,,
OC: Enforcement and Compliance History Online (ECHO),106000014,1,6,0,0,14,,1,17-Feb,DataRescue NH,,
OC: National Enforcement Training Institute,106000015,1,6,0,0,15,,1,17-Feb,DataRescue NH,,
OC: Compliance and Enforcement Annual Results,106000016,1,6,0,0,16,,1,17-Feb,DataRescue NH,,
Office of Environmental Justice (OEJ): National Environmental Justice Advisory Council (NEJAC),106000017,1,6,0,0,17,,1,17-Feb,DataRescue NH,,
OEJ: Federal Interagency Working Group on Environmental Justice,106000018,1,6,0,0,18,,1,17-Feb,DataRescue NH,,
OEJ: Listserv for environmental justice information,106000019,1,6,0,0,19,,1,17-Feb,DataRescue NH,,
OEJ: Environmental Justice Small Grants,106000020,1,6,0,0,20,,1,17-Feb,DataRescue NH,,
OEJ: EJ 2020,106000021,1,6,0,0,21,,1,17-Feb,DataRescue NH,,
Office of Federal Activities (OFA): National Environmental Policy Act (NEPA),106000022,1,6,0,0,22,,1,17-Feb,DataRescue NH,,
OFA: Environmental Impact Assessments (EIAs) Regarding Nongovernmental Activities in Antarctica,106000023,1,6,0,0,23,,1,17-Feb,DataRescue NH,,
OFA: Environmental Impact Statement Database,106000024,1,6,0,0,24,,1,17-Feb,DataRescue NH,,
Federal Facilities Enforcement Office: Compliance and Enforcement at Federal facilities,106000025,1,6,0,0,25,,1,17-Feb,DataRescue NH,,
Office of Site Remediation Enforcement: Superfund Enforcement,106000026,1,6,0,0,26,,0,,,,
OSRE: RCRA cleanup,106000027,1,6,0,0,27,,1,17-Feb,DataRescue NH,,
OSRE: Brownfields and land revitalization,106000028,1,6,0,0,28,,1,17-Feb,DataRescue NH,,
OSRE: Cleanup enforcement,106000029,1,6,0,0,29,,0,,,,
Office of International and Tribal Affairs,110000000,1,10,0,0,,,33/33,,,,1
Partnering with International Organizations,110000001,1,10,0,0,1,,1,17-Feb,DataRescue NH,,
International Actions to Reduce Mercury,110000002,1,10,0,0,2,,1,17-Feb,DataRescue NH,,
Cleaning Up Electronic Waste,110000003,1,10,0,0,3,,1,17-Feb,DataRescue NH,,
"Environment, Trade and Finance",110000004,1,10,0,0,4,,1,17-Feb,DataRescue NH,,
Protecting the Marine Environment,110000005,1,10,0,0,5,,1,17-Feb,DataRescue NH,,
Partnership for Clean Fuels and Vehicles,110000006,1,10,0,0,6,,1,17-Feb,DataRescue NH,,
Global Alliance to Eliminate Lead in Paint,110000007,1,10,0,0,7,,1,17-Feb,DataRescue NH,,
Strong Environmental Institutions,110000008,1,10,0,0,8,,1,17-Feb,DataRescue NH,,
Climate Change,110000009,1,10,0,0,9,,1,17-Feb,DataRescue NH,,
Air Quality,110000010,1,10,0,0,10,,1,17-Feb,DataRescue NH,,
Clean Water,110000011,1,10,0,0,11,,1,17-Feb,DataRescue NH,,
Toxic Chemicals,110000012,1,10,0,0,12,,1,17-Feb,DataRescue NH,,
Electronic Waste (E-Waste),110000013,1,10,0,0,13,,1,17-Feb,DataRescue NH,,
International Priorities,110000014,1,10,0,0,14,,1,17-Feb,DataRescue NH,,
U.S. EPA grants and cooperative agreements,110000015,1,10,0,0,15,,1,17-Feb,DataRescue NH,,
Information on Receiving International Grant Payments,110000016,1,10,0,0,16,,1,17-Feb,DataRescue NH,,
Explore open grants for tribes,110000017,1,10,0,0,17,,1,17-Feb,DataRescue NH,,
Importer/Exporter Requirements,110000018,1,10,0,0,18,,1,17-Feb,DataRescue NH,,
Public Participation Guide,110000019,1,10,0,0,19,,1,17-Feb,DataRescue NH,,
International E-Waste Management Network,110000020,1,10,0,0,20,,1,17-Feb,DataRescue NH,,
Technical Review Guidelines for Environmental Impact Assessment,110000021,1,10,0,0,21,,1,17-Feb,DataRescue NH,,
Office of Regional and Bilateral Affairs (OBRA): Africa,110000022,1,10,0,0,22,,1,17-Feb,DataRescue NH,,
OBRA: Asia/Pacific Islands,110000023,1,10,0,0,23,,1,17-Feb,DataRescue NH,,
OBRA: Latin America & Caribbean,110000024,1,10,0,0,24,,1,17-Feb,DataRescue NH,,
OBRA: Middle East,110000025,1,10,0,0,25,,1,17-Feb,DataRescue NH,,
OBRA: Europe,110000026,1,10,0,0,26,,1,17-Feb,DataRescue NH,,
OBRA: North America,110000027,1,10,0,0,27,,1,17-Feb,DataRescue NH,,
OBRA: Russia/Eurasia,110000028,1,10,0,0,28,,1,17-Feb,DataRescue NH,,
Indian Environmental General Assistance Program (GAP),110000029,1,10,0,0,29,,1,17-Feb,DataRescue NH,,
Environmental Protection in Indian Country,110000030,1,10,0,0,30,,1,17-Feb,DataRescue NH,,
"Laws, regulations and policies that affect tribes",110000031,1,10,0,0,31,,1,17-Feb,DataRescue NH,,
Consultation with tribes,110000032,1,10,0,0,32,,1,17-Feb,DataRescue NH,,
Tribal ecoAmbassadors,110000033,1,10,0,0,33,,1,17-Feb,DataRescue NH,,
Office of Environmental Information,107000000,1,7,0,0,,,37/37,,,,1
Agency-wide Quality System Documents,107000001,1,7,0,0,1,,1,4-Feb,DataRescue NYC,18-Feb,DataRescue DC
Quality Specifications for non-EPA Organizations to do business with EPA,107000002,1,7,0,0,2,,1,4-Feb,DataRescue NYC,18-Feb,DataRescue DC
EPA Quality Management Tools for Projects,107000003,1,7,0,0,3,,1,4-Feb,DataRescue NYC,18-Feb,DataRescue DC
EPA Quality Management Tools for Organizations and Programs,107000004,1,7,0,0,4,,1,4-Feb,DataRescue NYC,18-Feb,DataRescue DC
Guidelines for Ensuring and Maximizing the Quality of Information,107000005,1,7,0,0,5,,1,4-Feb,DataRescue NYC,18-Feb,DataRescue DC
Information Guidelines - Requests for Correction and Requests for Reconsideration,107000006,1,7,0,0,6,,1,4-Feb,DataRescue NYC,18-Feb,DataRescue DC
Training Courses on Quality Assurance and Quality Control Activities,107000007,1,7,0,0,7,,1,4-Feb,DataRescue NYC,18-Feb,DataRescue DC
EPA Information Quality Guidelines,107000008,1,7,0,0,8,,1,4-Feb,DataRescue NYC,18-Feb,DataRescue DC
EPA Docket Center,107000009,1,7,0,0,9,,1,4-Feb,DataRescue NYC,18-Feb,DataRescue DC
Freedom of Information Act,107000010,1,7,0,0,10,,1,4-Feb,DataRescue NYC,18-Feb,DataRescue DC
EPA National Records Management Program,107000011,1,7,0,0,11,,1,4-Feb,DataRescue NYC,18-Feb,DataRescue DC
EPA National Library Network,107000012,1,7,0,0,12,,1,4-Feb,DataRescue NYC,18-Feb,DataRescue DC
Central Data Exchange (CDX),107000013,1,7,0,0,13,,1,4-Feb,DataRescue NYC,18-Feb,DataRescue DC
Cross-Media Electronic Reporting Rule (CROMERR),107000014,1,7,0,0,14,,1,4-Feb,DataRescue NYC,18-Feb,DataRescue DC
Data Standards,107000015,1,7,0,0,15,,1,4-Feb,DataRescue NYC,18-Feb,DataRescue DC
Facility Registry Service,107000016,1,7,0,0,16,,1,4-Feb,DataRescue NYC,18-Feb,DataRescue DC
Geospatial Program - a lot of databases in this section,107000017,1,7,0,0,17,,1,4-Feb,DataRescue NYC,18-Feb,DataRescue DC
Geospatial Data Download Service,107000018,1,7,0,0,18,,1,4-Feb,DataRescue NYC,18-Feb,DataRescue DC
Integrated Error Correction Process,107000019,1,7,0,0,19,,1,4-Feb,DataRescue NYC,18-Feb,DataRescue DC
Environmental Information Exchange Network (EIEN),107000020,1,7,0,0,20,,1,4-Feb,DataRescue NYC,18-Feb,DataRescue DC
Open Government,107000021,1,7,0,0,21,,1,4-Feb,DataRescue NYC,18-Feb,DataRescue DC
System of Registries,107000022,1,7,0,0,22,,1,4-Feb,DataRescue NYC,18-Feb,DataRescue DC
Reusable Component Services,107000023,1,7,0,0,23,,1,4-Feb,DataRescue NYC,18-Feb,DataRescue DC
Substance Registry Services,107000024,1,7,0,0,24,,1,4-Feb,DataRescue NYC,18-Feb,DataRescue DC
Terminology Services,107000025,1,7,0,0,25,,1,4-Feb,DataRescue NYC,18-Feb,DataRescue DC
Data Registry Services,107000026,1,7,0,0,26,,1,4-Feb,DataRescue NYC,18-Feb,DataRescue DC
"Registry of EPA Applications, Models, and Data Warehouses (READ)",107000027,1,7,0,0,27,,1,4-Feb,DataRescue NYC,18-Feb,DataRescue DC
Envirofacts - database,107000028,1,7,0,0,28,,1,4-Feb,DataRescue NYC,18-Feb,DataRescue DC
MyEnvironment,107000029,1,7,0,0,29,,1,4-Feb,DataRescue NYC,18-Feb,DataRescue DC
TRI Data and Tools,107000030,1,7,0,0,30,,1,4-Feb,DataRescue NYC,18-Feb,DataRescue DC
TRI-MEweb,107000031,1,7,0,0,31,,1,4-Feb,DataRescue NYC,18-Feb,DataRescue DC
EPA&rsquo;s Implementation of the Privacy Act,107000032,1,7,0,0,32,,1,4-Feb,DataRescue NYC,18-Feb,DataRescue DC
Developer Central,107000033,1,7,0,0,33,,1,4-Feb,DataRescue NYC,18-Feb,DataRescue DC
EPA Information Directives,107000034,1,7,0,0,34,,1,4-Feb,DataRescue NYC,18-Feb,DataRescue DC
OEI Tribal Coordination,107000035,1,7,0,0,35,,1,4-Feb,DataRescue NYC,18-Feb,DataRescue DC
EPA Environmental Dataset Gateway (EDG) (likely uncrawlable),107000036,1,7,0,0,36,,1,4-Feb,DataRescue NYC,18-Feb,DataRescue DC
EPA Metadata Editor (likely uncrawlable),107000037,1,7,0,0,37,,1,4-Feb,DataRescue NYC,18-Feb,DataRescue DC
Office of Land and Emergency Management,111000000,1,11,0,0,,,Oct-42,,,,1
Brownfields,111000001,1,11,0,0,1,,1,4-Feb,DataRescue NH,,
Cleanups,111000002,1,11,0,0,2,,1,4-Feb,DataRescue NH,,
Emergency Management and Response,111000003,1,11,0,0,3,,1,4-Feb,DataRescue NH,,
Federal Facilities Cleanup,111000004,1,11,0,0,4,,1,4-Feb,DataRescue NH,,
Innovations Initiative,111000005,1,11,0,0,5,,1,4-Feb,DataRescue NH,,
OLEM Accomplishments Report and Benefits,111000006,1,11,0,0,6,,1,4-Feb,DataRescue NH,,
"Renewable Energy on Contaminated Lands, Landfills and Mine Sites",111000007,1,11,0,0,7,,1,4-Feb,DataRescue NH,,
Superfund,111000008,1,11,0,0,8,,1,4-Feb,DataRescue NH,,
Sustainable Materials Management,111000009,1,11,0,0,9,,1,4-Feb,DataRescue NH,,
Waste,111000010,1,11,0,0,10,,0,,,,
Office of Superfund Remediation and Technology Innovation (OSRTI): National Priorities List,111000011,1,11,0,0,11,,1,4-Feb,DataRescue NH,,
"OSRTI: Comprehensive Environmental Response, Compensation, and Liability Information System (CERCLIS)",111000012,1,11,0,0,12,,0,,,,
OSRTI: Community Involvement,111000013,1,11,0,0,13,,0,,,,
OSRTI: Resource Conservation and Recovery Act,111000014,1,11,0,0,14,,0,,,,
OSRTI: Enforcing regulations,111000015,1,11,0,0,15,,0,,,,
OSRTI: Clean up areas,111000016,1,11,0,0,16,,0,,,,
Office of Resource Conservation and Recovery (ORCR): Wastes,111000017,1,11,0,0,17,,0,,,,
ORCR: Hazardous waste,111000018,1,11,0,0,18,,0,,,,
ORCR: Recycling,111000019,1,11,0,0,19,,0,,,,
ORCR: Corrective action (cleanups),111000020,1,11,0,0,20,,0,,,,
ORCR: Household hazardous waste,111000021,1,11,0,0,21,,0,,,,
ORCR: Municipal solid waste,111000022,1,11,0,0,22,,0,,,,
ORCR: Sustainable Materials Management,111000023,1,11,0,0,23,,0,,,,
"ORCR: Reduce, Reuse, Recycle",111000024,1,11,0,0,24,,0,,,,
ORCR: Underground storage tank program,111000025,1,11,0,0,25,,0,,,,
Office of Underground Storage Tanks (OUST): Preventing UST releases,111000026,1,11,0,0,26,,0,,,,
OUST: Cleaning up UST releases,111000027,1,11,0,0,27,,0,,,,
OUST: Alternative fuels and USTs,111000028,1,11,0,0,28,,0,,,,
OUST: Petroleum brownfields,111000029,1,11,0,0,29,,0,,,,
OUST: USTs in Indian country,111000030,1,11,0,0,30,,0,,,,
Office of Brownfields and Land Revitalization (OBLR): Grants and funding,111000031,1,11,0,0,31,,0,,,,
OBLR: Land revitalization,111000032,1,11,0,0,32,,0,,,,
"Office of Emergency Management (OEM): Chemical, Biological, Radiological, and Nuclear Consequence Management Advisory Division (CMAD)",111000033,1,11,0,0,33,,0,,,,
OEM: Emergency Planning and Community Right-to-Know Act (EPCRA) Requirements,111000034,1,11,0,0,34,,0,,,,
OEM: Risk Management Plan (RMP),111000035,1,11,0,0,35,,0,,,,
OEM: Executive Order on Improving Chemical Facility Safety and Security,111000036,1,11,0,0,36,,0,,,,
OEM: Facility Response Plan (FRP) Rule,111000037,1,11,0,0,37,,0,,,,
OEM: Local Governments Reimbursement (LGR) Program,111000038,1,11,0,0,38,,0,,,,
OEM: National Contingency Plan (NCP) Subpart J Product Schedule,111000039,1,11,0,0,39,,0,,,,
OEM: Reporting Oil Discharges and Hazardous Substance Releases,111000040,1,11,0,0,40,,0,,,,
"OEM: Spill Prevention, Control, and Countermeasure (SPCC) Rule",111000041,1,11,0,0,41,,0,,,,
Federal Facilities Restoration and Reuse Office (FFRRO): Federal Facilities Restoration and Reuse Program,111000042,1,11,0,0,42,,0,,,,
Office of Chemical Safety and Pollution Prevention,104000000,1,4,0,0,,,47/64,,,,1
About OCSPP,104000001,1,4,0,0,1,,1,18-Feb,DataRescue DC,,
"Federal Insecticide, Fungicide, and Rodenticide Act",104000002,1,4,0,0,2,,1,18-Feb,DataRescue DC,,
"Federal Food, Drug, and Cosmetic Act",104000003,1,4,0,0,3,,1,18-Feb,DataRescue DC,,
Toxic Substances Control Act,104000004,1,4,0,0,4,,1,18-Feb,DataRescue DC,,
Pollution Prevention Act,104000005,1,4,0,0,5,,1,18-Feb,DataRescue DC,,
2011 - 2015 Strategic Plan,104000006,1,4,0,0,6,,1,18-Feb,DataRescue DC,,
Test Guidelines for Pesticides and Toxic Substances,104000007,1,4,0,0,7,,0,,,,
Pesticide Registration Improvement Extension Act,104000008,1,4,0,0,8,,1,18-Feb,DataRescue DC,,
Food Quality Protection Act,104000009,1,4,0,0,9,,1,18-Feb,DataRescue DC,,
Endangered Species Act,104000010,1,4,0,0,10,,1,18-Feb,DataRescue DC,,
Pesticides,104000011,1,4,0,0,11,,1,18-Feb,DataRescue DC,,
Assessing Pesticide Risk,104000012,1,4,0,0,12,,1,18-Feb,DataRescue DC,,
Bed Bugs,104000013,1,4,0,0,13,,1,18-Feb,DataRescue DC,,
Biotechnology under FIFRA,104000014,1,4,0,0,14,,1,18-Feb,DataRescue DC,,
Endangered Species Protection Program,104000015,1,4,0,0,15,,1,18-Feb,DataRescue DC,,
Ingredients Used in Pesticides,104000016,1,4,0,0,16,,1,18-Feb,DataRescue DC,,
Insect Repellents,104000017,1,4,0,0,17,,1,18-Feb,DataRescue DC,,
Pest Management in Schools,104000018,1,4,0,0,18,,1,18-Feb,DataRescue DC,,
Mosquito Control,104000019,1,4,0,0,19,,1,18-Feb,DataRescue DC,,
Pesticide Labels,104000020,1,4,0,0,20,,1,18-Feb,DataRescue DC,,
Pesticide Registration,104000021,1,4,0,0,21,,1,18-Feb,DataRescue DC,,
Pesticide Registration Review,104000022,1,4,0,0,22,,1,18-Feb,DataRescue DC,,
Pesticide Tolerances,104000023,1,4,0,0,23,,1,18-Feb,DataRescue DC,,
Pesticide Environmental Stewardship Program,104000024,1,4,0,0,24,,1,18-Feb,DataRescue DC,,
Protecting Pets from Fleas and Ticks,104000025,1,4,0,0,25,,1,18-Feb,DataRescue DC,,
Protecting Pollinators,104000026,1,4,0,0,26,,1,18-Feb,DataRescue DC,,
Reducing Pesticide Drift,104000027,1,4,0,0,27,,1,18-Feb,DataRescue DC,,
Worker Safety Protection,104000028,1,4,0,0,28,,1,18-Feb,DataRescue DC,,
Pesticide Safety Information for Consumers,104000029,1,4,0,0,29,,1,18-Feb,DataRescue DC,,
Reporting Pesticide Incidents,104000030,1,4,0,0,30,,1,18-Feb,DataRescue DC,,
Pesticide News,104000031,1,4,0,0,31,,1,18-Feb,DataRescue DC,,
Dockets Open for Public Comment,104000032,1,4,0,0,32,,1,18-Feb,DataRescue DC,,
Analytical Chemistry Laboratory,104000033,1,4,0,0,33,,0,,,,
Microbiology Laboratory,104000034,1,4,0,0,34,,1,18-Feb,DataRescue DC,,
Section 313 of Emergency Planning and Community Right-to-Know Act,104000035,1,4,0,0,35,,1,18-Feb,DataRescue DC,,
Grants for funding pollution prevention,104000036,1,4,0,0,36,,1,18-Feb,DataRescue DC,,
Chemicals under TSCA,104000037,1,4,0,0,37,,1,18-Feb,DataRescue DC,,
Lead,104000038,1,4,0,0,38,,1,18-Feb,DataRescue DC,,
Formaldehyde,104000039,1,4,0,0,39,,1,18-Feb,DataRescue DC,,
Asbestos,104000040,1,4,0,0,40,,1,18-Feb,DataRescue DC,,
Mercury,104000041,1,4,0,0,41,,1,18-Feb,DataRescue DC,,
PCBs,104000042,1,4,0,0,42,,0,,,,
Acute Exposure Guideline Levels,104000043,1,4,0,0,43,,1,18-Feb,DataRescue DC,,
Assessing and Managing Chemicals under TSCA,104000044,1,4,0,0,44,,1,18-Feb,DataRescue DC,,
Biotechnology under TSCA,104000045,1,4,0,0,45,,1,18-Feb,DataRescue DC,,
Chemical Data Reporting,104000046,1,4,0,0,46,,1,18-Feb,DataRescue DC,,
Import-Export Requirements for Chemicals under TSCA,104000047,1,4,0,0,47,,1,18-Feb,DataRescue DC,,
New Chemicals,104000048,1,4,0,0,48,,1,18-Feb,DataRescue DC,,
Predictive Models and Tools for Assessing Chemicals under TSCA,104000049,1,4,0,0,49,,1,18-Feb,DataRescue DC,,
"E3: Economics, Energy and Environment",104000050,1,4,0,0,50,,1,18-Feb,DataRescue DC,,
Green Chemistry,104000051,1,4,0,0,51,,0,,,,
Green Engineering,104000052,1,4,0,0,52,,0,,,,
Green Sports,104000053,1,4,0,0,53,,0,,,,
Greener Products and Services,104000054,1,4,0,0,54,,0,,,,
Pollution Prevention,104000055,1,4,0,0,55,,0,,,,
Safer Choice,104000056,1,4,0,0,56,,0,,,,
Sustainable Futures,104000057,1,4,0,0,57,,0,,,,
Toxic Release Inventory Program,104000058,1,4,0,0,58,,0,,,,
TSCA Inventory,104000059,1,4,0,0,59,,0,,,,
Review of Confidential Business Information,104000060,1,4,0,0,60,,0,,,,
FIFRA SAP Meetings,104000061,1,4,0,0,61,,0,,,,
Endocrine Disruptor Screening Program,104000062,1,4,0,0,62,,0,,,,
Scientific Advisory Panel (SAP),104000063,1,4,0,0,63,,0,,,,
Chemical Safety Advisory Committee (CSAC),104000064,1,4,0,0,64,,0,,,,
Office of the General Counsel,108000000,1,8,0,0,,,9-Sep,,,,1
About OGC,108000001,1,8,0,0,1,,1,18-Feb,DataRescue DC,,
Notices of Intent to Sue the E.P.A.,108000002,1,8,0,0,2,,1,18-Feb,DataRescue DC,,
Laws and Regulations,108000003,1,8,0,0,3,,1,18-Feb,DataRescue DC,,
Alternative Dispute Resolution Law Office: Policy and Guidance,108000004,1,8,0,0,4,,1,18-Feb,DataRescue DC,,
"Civil Rights Office: External Civil Rights Compliance Office,",108000005,1,8,0,0,5,,1,18-Feb,DataRescue DC,,
Cross-Cutting Issues Law Office : Regulatory Development and Retrospective Review Tracker,108000006,1,8,0,0,6,,1,18-Feb,DataRescue DC,,
Ethics Office,108000007,1,8,0,0,7,,1,18-Feb,DataRescue DC,,
FOIA Expert Assistance Team (FEAT) Office,108000008,1,8,0,0,8,,1,18-Feb,DataRescue DC,,
Pesticides and Toxic Substances Law Office,108000009,1,8,0,0,9,,1,18-Feb,DataRescue DC,,
Office of Water,0,,,,,,,0/66,,,,1
Ground Water and Drinking Water,113000001,1,13,0,0,1,,0,,,,
Drinking Water Standards,113000002,1,13,0,0,2,,0,,,,
Drinking Water Requirements for States and Water Systems,113000003,1,13,0,0,3,,0,,,,
Drinking Water Systems Capacity,113000004,1,13,0,0,4,,0,,,,
Source Water Protection,113000005,1,13,0,0,5,,0,,,,
Private Drinking Water Wells,113000006,1,13,0,0,6,,0,,,,
Drinking Water Contaminants,113000007,1,13,0,0,7,,0,,,,
Public Drinking Water Systems,113000008,1,13,0,0,8,,0,,,,
Small Public Drinking Water Systems,113000009,1,13,0,0,9,,0,,,,
Drinking Water Contaminant Human Health Effects Information,113000010,1,13,0,0,10,,0,,,,
Sustainable Infrastructure,113000011,1,13,0,0,11,,0,,,,
Clean Water State Revolving Fund,113000012,1,13,0,0,12,,0,,,,
Clean Watersheds Needs Survey,113000013,1,13,0,0,13,,0,,,,
Environmental Finance,113000014,1,13,0,0,14,,0,,,,
Green Infrastructure,113000015,1,13,0,0,15,,0,,,,
Asset Management,113000016,1,13,0,0,16,,0,,,,
National Aquatic Research Surveys,113000017,1,13,0,0,17,,0,,,,
Watershed Academy,113000018,1,13,0,0,18,,0,,,,
Wetlands Protection and Restoration,113000019,1,13,0,0,19,,0,,,,
National Estuary Program,113000020,1,13,0,0,20,,0,,,,
Climate Ready Estuaries,113000021,1,13,0,0,21,,0,,,,
Healthy Watersheds Program,113000022,1,13,0,0,22,,0,,,,
Lakes,113000023,1,13,0,0,23,,0,,,,
Beaches,113000024,1,13,0,0,24,,0,,,,
Septic Systems,113000025,1,13,0,0,25,,0,,,,
Small and Rural Wastewater Systems,113000026,1,13,0,0,26,,0,,,,
Biosolids,113000027,1,13,0,0,27,,0,,,,
Analytical Methods to Assess Wastewater,113000028,1,13,0,0,28,,0,,,,
Animal Feeding Operations,113000029,1,13,0,0,29,,0,,,,
Combined Sewer Overflows,113000030,1,13,0,0,30,,0,,,,
Sanitary Sewer Overflows,113000031,1,13,0,0,31,,0,,,,
Permits - National Pollutant Discharge Elimination System (NPDES),113000032,1,13,0,0,32,,0,,,,
Stormwater Management,113000033,1,13,0,0,33,,0,,,,
Sustainable Water Infrastructure,113000034,1,13,0,0,34,,0,,,,
U.S./Mexico Border Water Infrastructure,113000035,1,13,0,0,35,,0,,,,
Wastewater in Tribal Communities,113000036,1,13,0,0,36,,0,,,,
Water Data and Tools,113000037,1,13,0,0,37,,0,,,,
Water Research,113000038,1,13,0,0,38,,0,,,,
Water Research Publications,113000039,1,13,0,0,39,,0,,,,
Methods and Models for Water Research,113000040,1,13,0,0,40,,0,,,,
National Aquatic Resource Surveys,113000041,1,13,0,0,41,,0,,,,
National Pollution Discharge Elimination System,113000042,1,13,0,0,42,,0,,,,
Nutrient Pollution,113000043,1,13,0,0,43,,0,,,,
Nutrient Pollution Policy and Data,113000044,1,13,0,0,44,,0,,,,
Polluted Runoff: Nonpoint Source,113000045,1,13,0,0,45,,0,,,,
Underground Injection Control,113000046,1,13,0,0,46,,0,,,,
Water Security,113000047,1,13,0,0,47,,0,,,,
Fish and Shellfish Advisories,113000048,1,13,0,0,48,,0,,,,
Industrial Effluent Guidelines,113000049,1,13,0,0,49,,0,,,,
Nonpoint Source Pollution,113000050,1,13,0,0,50,,0,,,,
Water Quality Standards,113000051,1,13,0,0,51,,0,,,,
Water Quality Criteria,113000052,1,13,0,0,52,,0,,,,
Clean Water Act Analytical Methods,113000053,1,13,0,0,53,,0,,,,
Cooling Water Intakes,113000054,1,13,0,0,54,,0,,,,
Ocean Dumping Management,113000055,1,13,0,0,55,,0,,,,
Water Infrastructure and Resiliency Finance Center,113000056,1,13,0,0,56,,0,,,,
Water Infrastructure Finance and Innovation Act,113000057,1,13,0,0,57,,0,,,,
WaterSense Program,113000058,1,13,0,0,58,,0,,,,
OWOW Annual Reports,113000059,1,13,0,0,59,,0,,,,
Impaired Waters and TMDLs,113000060,1,13,0,0,60,,0,,,,
Mississippi River/Gulf of Mexico Hypoxia Task Force,113000061,1,13,0,0,61,,0,,,,
Section 404 of CWA,113000062,1,13,0,0,62,,0,,,,
"Vessels, Marinas, Ports",113000063,1,13,0,0,63,,0,,,,
WATERS Databases,113000064,1,13,0,0,64,,0,,,,
Monitoring Water Quality,113000065,1,13,0,0,65,,0,,,,
Ocean Discharge Criteria,113000066,1,13,0,0,66,,0,,,,
Office of Air and Radiation,0,,,,,,,0/58,,,,1
AIRNow - Air Quality Forecast,103000001,1,3,0,0,1,,0,,,,
Air Quality Data and Tools,103000002,1,3,0,0,2,,0,,,,
Clean Power Plan,103000003,1,3,0,0,3,,0,,,,
Annual Air Data Summaries,103000004,1,3,0,0,4,,0,,,,
"Criteria Air Pollutants - Carbon Monoxide, Ground-level Ozone, Lead, Nitrogen Oxides, Particulate Matter, Sulfur Dioxide",103000005,1,3,0,0,5,,0,,,,
Hazardous Air Pollutants,103000006,1,3,0,0,6,,0,,,,
Mercury and Air Toxics Standards,103000007,1,3,0,0,7,,0,,,,
Permitting Under the Clean Air Act,103000008,1,3,0,0,8,,0,,,,
Stationary Sources of Air Pollution,103000009,1,3,0,0,9,,0,,,,
Technical Air Pollution Resources,103000010,1,3,0,0,10,,0,,,,
Visibility and Regional Haze,103000011,1,3,0,0,11,,0,,,,
Voluntary Programs for Improving Air Quality,103000012,1,3,0,0,12,,0,,,,
Acid rain,103000013,1,3,0,0,13,,0,,,,
Center for Corporate Climate Leadership,103000014,1,3,0,0,14,,0,,,,
Climate Change Indicators in the U.S.,103000015,1,3,0,0,15,,0,,,,
Combined Heat and Power Partnership,103000016,1,3,0,0,16,,0,,,,
Cross State Air Pollution Rule,103000017,1,3,0,0,17,,0,,,,
ENERGY STAR,103000018,1,3,0,0,18,,0,,,,
Global Methane Initiative,103000019,1,3,0,0,19,,0,,,,
Green Power Partnership,103000020,1,3,0,0,20,,0,,,,
GreenChill,103000021,1,3,0,0,21,,0,,,,
"Greenhouse Gas Inventory, U.S.",103000022,1,3,0,0,22,,0,,,,
Greenhouse Gas Reporting Program,103000023,1,3,0,0,23,,0,,,,
Ozone Layer Protection,103000024,1,3,0,0,24,,0,,,,
Responsible Appliance Disposal (RAD) Program,103000025,1,3,0,0,25,,0,,,,
State and Local Climate and Energy Program,103000026,1,3,0,0,26,,0,,,,
UV Index,103000027,1,3,0,0,27,,0,,,,
Cars and light trucks,103000028,1,3,0,0,28,,0,,,,
Clean Diesel Program,103000029,1,3,0,0,29,,0,,,,
Clean School Bus USA,103000030,1,3,0,0,30,,0,,,,
Diesel Fuel Standards,103000031,1,3,0,0,31,,0,,,,
Fuel economy,103000032,1,3,0,0,32,,0,,,,
Gasoline Standards,103000033,1,3,0,0,33,,0,,,,
Green Vehicle Guide,103000034,1,3,0,0,34,,0,,,,
Heavy trucks and buses,103000035,1,3,0,0,35,,0,,,,
Importing vehicles,103000036,1,3,0,0,36,,0,,,,
"Modeling, testing and research",103000037,1,3,0,0,37,,0,,,,
Motorcycles,103000038,1,3,0,0,38,,0,,,,
"Nonroad (off-road) engines, equipment, vehicles, and marine vessels",103000039,1,3,0,0,39,,0,,,,
Renewable Fuel Standard Program,103000040,1,3,0,0,40,,0,,,,
SmartWay,103000041,1,3,0,0,41,,0,,,,
State and local transportation resources,103000042,1,3,0,0,42,,0,,,,
Transportation and Climate,103000043,1,3,0,0,43,,0,,,,
Milestones in mobile source air pollution control and regulations,103000044,1,3,0,0,44,,0,,,,
Asthma,103000045,1,3,0,0,45,,0,,,,
Radiological Emergency Response,103000046,1,3,0,0,46,,0,,,,
Creating Healthy Indoor Air Quality in Schools,103000047,1,3,0,0,47,,0,,,,
Indoor Air Quality in Tribal Communities,103000048,1,3,0,0,48,,0,,,,
Indoor Air Quality,103000049,1,3,0,0,49,,0,,,,
Indoor airPLUS,103000050,1,3,0,0,50,,0,,,,
Mold and Moisture,103000051,1,3,0,0,51,,0,,,,
Smoke-free Homes,103000052,1,3,0,0,52,,0,,,,
Radon,103000053,1,3,0,0,53,,0,,,,
Radiation,103000054,1,3,0,0,54,,0,,,,
RadNet,103000055,1,3,0,0,55,,0,,,,
RadTown,103000056,1,3,0,0,56,,0,,,,
Radiation Regulations and Laws,103000057,1,3,0,0,57,,0,,,,
Federal Guidance for Radiation Protection,103000058,1,3,0,0,58,,0,,,,
Decisions and Notices,201010001,2,1,1,0,1,,1,1-Feb,Datarescue Boston @Harvard,,
Electric,201010002,2,1,1,0,2,,1,1-Feb,Datarescue Boston @Harvard,,
Enforcement ,201010008,2,1,1,0,8,,1,1-Feb,Datarescue Boston @Harvard,,
Federal Energy Regulatory Commission,201010000,2,1,1,0,,,10-Oct,1-Feb,Datarescue Boston @Harvard,,1
Guides,201010009,2,1,1,0,9,,1,1-Feb,Datarescue Boston @Harvard,,
Hydropower,201010003,2,1,1,0,3,,1,1-Feb,Datarescue Boston @Harvard,,
Legal Resources,201010006,2,1,1,0,6,,1,1-Feb,Datarescue Boston @Harvard,,
Market Oversight,201010007,2,1,1,0,7,,1,1-Feb,Datarescue Boston @Harvard,,
Natural Gas,201010004,2,1,1,0,4,,1,1-Feb,Datarescue Boston @Harvard,,
Oil,201010005,2,1,1,0,5,,1,1-Feb,Datarescue Boston @Harvard,,
Processes,201010010,2,1,1,0,10,,1,1-Feb,Datarescue Boston @Harvard,,
Advanced Scientific Computing Research,203010006,2,3,1,0,6,,1,1/27-1/33,A2 Datarescue,,
Basic Energy Sciences,203010007,2,3,1,0,7,,1,1/27-1/34,A2 Datarescue,,
BER: Next-Generation Ecosystem Experiments,203010003,2,3,1,0,3,,1,1/27-1/30,A2 Datarescue,,
BER: Spruce and Peatland Responses Under Climatic ,203010004,2,3,1,0,4,,1,1/27-1/31,A2 Datarescue,,
BER: Terrestrial Ecosystem Science,203010002,2,3,1,0,2,,1,1/27-1/29,A2 Datarescue,,
BES: Fuels from Sunlight,203010008,2,3,1,0,8,,1,1/27-1/35,A2 Datarescue,,
Biological and Environmental Research (BER): Atmospheric System Research,203010001,2,3,1,0,1,,1,1/27-1/28,A2 Datarescue,,
Budget,203010016,2,3,1,0,16,,1,1/27-1/43,A2 Datarescue,,
Environmental Molecular Sciences Labroatory,203010005,2,3,1,0,5,,1,1/27-1/32,A2 Datarescue,,
Fusion Energy Sources,203010010,2,3,1,0,10,,1,1/27-1/37,A2 Datarescue,,
Grants and Contract Support,203010018,2,3,1,0,18,,1,1/27-1/45,A2 Datarescue,,
High Energy Physics,203010011,2,3,1,0,11,,1,1/27-1/38,A2 Datarescue,,
Information and Technology Services,203010019,2,3,1,0,19,,1,1/27-1/46,A2 Datarescue,,
Management,203010020,2,3,1,0,20,,1,1/27-1/47,A2 Datarescue,,
Nuclear Physics,203010012,2,3,1,0,12,,1,1/27-1/39,A2 Datarescue,,
Office of Science,203010000,2,3,1,0,,,21/21,,,,1
Project Assignments,203010015,2,3,1,0,15,,1,1/27-1/42,A2 Datarescue,,
Science Communications + Public Affairs,203010017,2,3,1,0,17,,1,1/27-1/44,A2 Datarescue,,
Scientific + Technical Information,203010021,2,3,1,0,21,,1,1/27-1/48,A2 Datarescue,,
Small Business Innovation Research,203010014,2,3,1,0,14,,1,1/27-1/41,A2 Datarescue,,
Workforce Development for Teachers + Scientists,203010013,2,3,1,0,13,,1,1/27-1/40,A2 Datarescue,,
XPS,203010009,2,3,1,0,9,,1,1/27-1/36,A2 Datarescue,,
Budgets,203020024,2,3,2,0,24,,1,20-Jan,DataRescue LA,,
Business Operations,203020022,2,3,2,0,22,,1,20-Jan,DataRescue LA,,
EE: Advanced Manufacturing,203020003,2,3,2,0,3,,1,11-Feb,DataRescue SF,,
EE: Government Energy Management,203020004,2,3,2,0,4,,1,20-Jan,DataRescue LA,,
EE: Homes,203020002,2,3,2,0,2,,1,20-Jan,DataRescue LA,,
EE: Weatherization and Intergovernmental Programs,203020005,2,3,2,0,5,,1,11-Feb,DataRescue SF,,
Energy Efficiency (EE): Buildings,203020001,2,3,2,0,1,,1,11-Feb,DataRescue SF,,
Initiatives and Projects,203020025,2,3,2,0,25,,1,11-Feb,DataRescue SF,,
Office of Energy Efficiency & Renewable Energy,203020000,2,3,2,0,,,25/25,,,,1
Renewable Power (RP): Solar,203020006,2,3,2,0,6,,1,11-Feb,DataRescue SF,,
RP: Geothermal,203020007,2,3,2,0,7,,1,11-Feb,DataRescue SF,,
RP: Water,203020009,2,3,2,0,9,,1,20-Jan,DataRescue LA,,
RP: Wind,203020008,2,3,2,0,8,,1,20-Jan,DataRescue LA,,
Services: Energy Analysis,203020017,2,3,2,0,17,,1,20-Jan,DataRescue LA,,
Services: Energy Basics,203020014,2,3,2,0,14,,1,20-Jan,DataRescue LA,,
Services: Funding,203020020,2,3,2,0,20,,1,20-Jan,DataRescue LA,,
"Services: Jobs, Education, and Training",203020018,2,3,2,0,18,,1,20-Jan,DataRescue LA,,
Services: Publications,203020019,2,3,2,0,19,,1,20-Jan,DataRescue LA,,
Services: Small Business Program,203020021,2,3,2,0,21,,1,20-Jan,DataRescue LA,,
Services: States and Local Communities,203020015,2,3,2,0,15,,1,20-Jan,DataRescue LA,,
Services: Technical Assistance,203020016,2,3,2,0,16,,1,20-Jan,DataRescue LA,,
Strategic Programs,203020023,2,3,2,0,23,,1,20-Jan,DataRescue LA,,
Transport: Bioenergy,203020011,2,3,2,0,11,,1,11-Feb,DataRescue SF,,
Transport: EV Everywhere,203020013,2,3,2,0,13,,1,20-Jan,DataRescue LA,,
Transport: Hydrogen and Fuel Cells,203020012,2,3,2,0,12,,1,11-Feb,DataRescue SF,,
Transportation (Transport): Vehicles,203020010,2,3,2,0,10,,1,20-Jan,DataRescue LA,,
Business and Funding Opportunities,203030011,2,3,3,0,11,,1,1-Feb,Datarescue Boston @Harvard,,
Carbon Capture and Storage Research,203030012,2,3,3,0,12,,1,1-Feb,Datarescue Boston @Harvard,,
Clean Coal Research,203030013,2,3,3,0,13,,1,1-Feb,Datarescue Boston @Harvard,,
FE Advisory Committees,203030014,2,3,3,0,14,,1,1-Feb,Datarescue Boston @Harvard,,
International Agreements and Cooperation,203030015,2,3,3,0,15,,1,1-Feb,Datarescue Boston @Harvard,,
Natural Gas Regulation,203030016,2,3,3,0,16,,1,1-Feb,Datarescue Boston @Harvard,,
Office of Fossil Energy,203030000,2,3,3,0,,,12-Dec,,,,1
Office of Petroleum Reserves (OPR): Strategic Petroleum Reserve,203030001,2,3,3,0,1,,1,1-Feb,Datarescue Boston @Harvard,,
Oil and Gas Research,203030002,2,3,3,0,2,,1,1-Feb,Datarescue Boston @Harvard,,
OPR: Naval Petroleum and Oil Shale Reserves,203030003,2,3,3,0,3,,1,1-Feb,Datarescue Boston @Harvard,,
OPR: Northeast Gasoline Supply Reserve,203030004,2,3,3,0,4,,1,1-Feb,Datarescue Boston @Harvard,,
OPR: Northeast Home Heating Oil Reserve,203030005,2,3,3,0,5,,1,1-Feb,Datarescue Boston @Harvard,,
Strategic Petroleum Reserve Project Management Office,203030006,2,3,3,0,6,,1,1-Feb,Datarescue Boston @Harvard,,
Clean Energy Ministerial,205010002,2,5,1,0,2,,1,1-Feb,Datarescue Boston @Harvard,,
Climate Action Plan,205010001,2,5,1,0,1,,1,1-Feb,Datarescue Boston @Harvard,,
Energy and Climate Partnership of the Americas,205010003,2,5,1,0,3,,1,1-Feb,Datarescue Boston @Harvard,,
International Energy Agency,205010004,2,5,1,0,4,,1,1-Feb,Datarescue Boston @Harvard,,
Office of International Affairs,205010000,2,5,1,0,,,7-Jul,,,,1
US-Africa Energy Ministerial,205010005,2,5,1,0,5,,1,1-Feb,Datarescue Boston @Harvard,,
US-Canada Clean Energy Dialogue,205010006,2,5,1,0,6,,1,1-Feb,Datarescue Boston @Harvard,,
US-China Energy Collaboration,205010007,2,5,1,0,7,,1,1-Feb,Datarescue Boston @Harvard,,
Advanced Research Projects Agency - Energy,205100000,2,5,10,0,0,,16/16,,,,1
Building Efficiency Programs,205100001,2,5,10,0,1,,1,11-Feb,DataRescue SF,,
Centralized Electricity Generation Programs,205100005,2,5,10,0,5,,1,11-Feb,DataRescue SF,,
Distributed Electricity Generation Programs,205100006,2,5,10,0,6,,1,11-Feb,DataRescue SF,,
Electrical Efficiency Programs,205100002,2,5,10,0,2,,1,11-Feb,DataRescue SF,,
Electrical Grid Programs,205100007,2,5,10,0,7,,1,11-Feb,DataRescue SF,,
Electricity Storage Programs,205100008,2,5,10,0,8,,1,11-Feb,DataRescue SF,,
Engagement,205100016,2,5,10,0,16,,1,11-Feb,DataRescue SF,,
Funding Agreements and Project Guidelines,205100015,2,5,10,0,15,,1,11-Feb,DataRescue SF,,
Interactive Project Map (uncrawlable),205100013,2,5,10,0,13,,1,11-Feb,DataRescue SF,,
Manufacturing Efficiency Programs,205100003,2,5,10,0,3,,1,11-Feb,DataRescue SF,,
Resource Efficiency Programs,205100004,2,5,10,0,4,,1,11-Feb,DataRescue SF,,
Tech2Market,205100014,2,5,10,0,14,,1,11-Feb,DataRescue SF,,
Transportation Fuels Programs,205100009,2,5,10,0,9,,1,11-Feb,DataRescue SF,,
Transportation Network Programs,205100010,2,5,10,0,10,,1,11-Feb,DataRescue SF,,
Transportation Storage Programs,205100011,2,5,10,0,11,,1,11-Feb,DataRescue SF,,
Transportation Vehicles Programs,205100012,2,5,10,0,12,,1,11-Feb,DataRescue SF,,
Budget & Perfomance,205090013,2,5,9,0,13,,1,1/27-1/40,A2 Datarescue,,
Consumption and Efficiency: Analyses and Projections,205090008,2,5,9,0,8,,1,1/27-1/35,A2 Datarescue,,
Consumption and Efficiency: Data,205090007,2,5,9,0,7,,1,1/27-1/34,A2 Datarescue,,
Energy Information Administration,205090000,2,5,9,0,,,19/19,,,,1
Freedom of Information Act,205090018,2,5,9,0,18,,1,1/27-1/45,A2 Datarescue,,
Information Quality Guidelines,205090015,2,5,9,0,15,,1,1/27-1/42,A2 Datarescue,,
Legislative Timeline,205090019,2,5,9,0,19,,1,1/27-1/46,A2 Datarescue,,
Model Documentation: Reports,205090009,2,5,9,0,9,,1,1/27-1/36,A2 Datarescue,,
Open Data: API,205090010,2,5,9,0,10,,1,1/27-1/37,A2 Datarescue,,
Open Data: Data Query Tools,205090011,2,5,9,0,11,,1,1/27-1/38,A2 Datarescue,,
Open Data: Excel Data Add-In,205090012,2,5,9,0,12,,1,1/27-1/39,A2 Datarescue,,
Renewable and Alternative Fuels: Analyses and Projections,205090002,2,5,9,0,2,,1,1/27-1/29,A2 Datarescue,,
Renewable and Alternative Fuels: Data,205090001,2,5,9,0,1,,1,1/27-1/28,A2 Datarescue,,
Renewable and Alternative Fuels: Time Series,205090003,2,5,9,0,3,,1,1/27-1/30,A2 Datarescue,,
Standards Manual,205090016,2,5,9,0,16,,1,1/27-1/43,A2 Datarescue,,
Statement of Committment to Scientific Integrity by Principal Statistical Agencies,205090017,2,5,9,0,17,,1,1/27-1/44,A2 Datarescue,,
Strategic Plan,205090014,2,5,9,0,14,,1,1/27-1/41,A2 Datarescue,,
Total Energy: Analyses and Projections,205090006,2,5,9,0,6,,1,1/27-1/33,A2 Datarescue,,
Total Energy: Annual Data,205090005,2,5,9,0,5,,1,1/27-1/32,A2 Datarescue,,
Total Energy: Monthly Data,205090004,2,5,9,0,4,,1,1/27-1/31,A2 Datarescue,,
Ames Laboratory,206010003,2,6,1,0,3,,0,,,,
Energy Systems Integration Facility,206100023,2,6,10,0,23,,1,1/27-1/30,A2 Datarescue,,
Geographic Information System,206100022,2,6,10,0,22,,1,1/27-1/29,A2 Datarescue,,
High Performance Computing,206100024,2,6,10,0,24,,1,1/27-1/28,A2 Datarescue,,
Innovation Impact,206100018,2,6,10,0,18,,1,1/27-1/35,A2 Datarescue,,
National Center for Photovoltaics,206100020,2,6,10,0,20,,0,,,,
National Renewable Energy Lab (has its own subprimer),206100017,2,6,10,0,17,,0,,,,
National Renewable Energy Laboratory,206100000,2,6,10,0,,,22/26,,,,1
National Wind Technology Center,206100021,2,6,10,0,21,,1,1/27-1/28,A2 Datarescue,,
Research Collaborations,206100019,2,6,10,0,19,,1,1/27-1/36,A2 Datarescue,,
Research Facilities,206100026,2,6,10,0,26,,0,,,,
Research: Bioenergy,206100001,2,6,10,0,1,,1,1/27-1/28,A2 Datarescue,,
Research: Buildigs Efficiency,206100006,2,6,10,0,6,,1,1/27-1/33,A2 Datarescue,,
Research: Chemistry and Nanoscience,206100007,2,6,10,0,7,,1,1/27-1/34,A2 Datarescue,,
Research: Computational Science,206100008,2,6,10,0,8,,1,1/27-1/35,A2 Datarescue,,
Research: Concentrating Solar Power,206100009,2,6,10,0,9,,1,1/27-1/36,A2 Datarescue,,
Research: Energy Analysis,206100010,2,6,10,0,10,,0,,,,
Research: Energy Systems Integration,206100011,2,6,10,0,11,,1,1/27-1/28,A2 Datarescue,,
Research: Geothermal Energy,206100012,2,6,10,0,12,,1,1/27-1/29,A2 Datarescue,,
Research: Grid Modernization,206100013,2,6,10,0,13,,1,1/27-1/30,A2 Datarescue,,
Research: Hydrogen + Fuel Cells,206100014,2,6,10,0,14,,1,1/27-1/31,A2 Datarescue,,
Research: Materials Science,206100015,2,6,10,0,15,,1,1/27-1/32,A2 Datarescue,,
Research: Photovoltaics,206100017,2,6,10,0,17,,1,1/27-1/34,A2 Datarescue,,
Research: Solar,206100002,2,6,10,0,2,,1,1/27-1/29,A2 Datarescue,,
Research: Technology Department,206100016,2,6,10,0,16,,1,1/27-1/33,A2 Datarescue,,
Research: Transportation,206100003,2,6,10,0,3,,1,1/27-1/30,A2 Datarescue,,
Research: Water,206100004,2,6,10,0,4,,1,1/27-1/31,A2 Datarescue,,
Research: Wind,206100005,2,6,10,0,5,,1,1/27-1/32,A2 Datarescue,,
Solar Technology Acceleration Center,206100025,2,6,10,0,25,,0,,,,
Oak Ridge National Laboratory: Clean Energy,206110008,2,6,11,0,8,,1,11-Feb,DataRescue SF,,
Pacific Northwest National Laboratory (PNNL): Energy and Environment [2-6-12-0],206120009,2,6,12,0,9,,0,,,,
PNNL: Atmospheric Sciences and Global Climate Change,206120010,2,6,12,0,10,,0,,,,
Princeton Plasma Physics Laboratory,206130011,2,6,13,0,11,,0,,,,
Savannah River National Lab: Environmental Stewardship,206150018,2,6,15,0,18,,1,11-Feb,DataRescue SF,,
Savannah River: Clean Energy,206150019,2,6,15,0,19,,1,11-Feb,DataRescue SF,,
SLAC National Accelerator Laboratory,206160012,2,6,16,0,12,,0,,,,
Thomas Jefferson National Accelerator Facility,206170013,2,6,17,0,13,,0,,,,
Argonne National Laboratory: Environment,206020001,2,6,2,0,1,,1,11-Feb,DataRescue SF,,
Argonne: Energy,206020002,2,6,2,0,2,,0,,,,
National Labs,206020000,2,6,2,0,,,19-Jul,,,,1
Brookhaven National Laboratory,206030004,2,6,3,0,4,,0,,,,
Fermi National Accelerator Laboratory,206040005,2,6,4,0,5,,0,,,,
Idaho National Lab,206050014,2,6,5,0,14,,1,11-Feb,DataRescue SF,,
Lawrence Berkeley National Laboratory (LBNL): Climate and Ecosystem Sciences Division,206060006,2,6,6,0,6,,1,11-Feb,DataRescue SF,,
LBNL: Energy Geosciences Division,206060007,2,6,6,0,7,,0,,,,
National Energy Technology Lab: Energy Efficiency,206090015,2,6,9,0,15,,0,,,,
National Energy Technology: Energy Analysis,206090016,2,6,9,0,16,,1,11-Feb,DataRescue SF,,
"National Environmental Satellite, Data, and Information Service",303010000,3,3,1,0,,,0/18,,,,1
Comprehensive Large Array-Data Stewardship System (CLASS),303010001,3,3,1,0,1,,0,,,,
National Data Buoy Center,303010002,3,3,1,0,2,,0,,,,
Radar Data,303010003,3,3,1,0,3,,0,,,,
National Operational Model Archive & Distribution System (NOMADS): All Model Datasets,303010004,3,3,1,0,4,,0,,,,
NOMADS: Reanalysis,303010005,3,3,1,0,5,,0,,,,
NOMADS: Numerical Weather Prediction,303010006,3,3,1,0,6,,0,,,,
NOMADS: Ocean Models,303010007,3,3,1,0,7,,0,,,,
NOMADS: Climate Prediction,303010008,3,3,1,0,8,,0,,,,
NOMADS: Derived / Other Model Data,303010009,3,3,1,0,9,,0,,,,
NOAA View Data Exploration Tool (primarily non-web crawlable information),303010010,3,3,1,0,10,,0,,,,
Data Snapshots Tool (primarily non-web crawlable information),303010011,3,3,1,0,11,,0,,,,
Office of Satellite Ground Services,303010012,3,3,1,0,12,,0,,,,
Office of Satellite and Product Operations,303010013,3,3,1,0,13,,0,,,,
Center for Satellite Applications and Research,303010014,3,3,1,0,14,,0,,,,
GOES-R Series Program Office (links to a NASA/NOAA collaboration),303010015,3,3,1,0,15,,0,,,,
Joint Polar Satellite System Office (links to a NASA/NOAA collaboration),303010016,3,3,1,0,16,,0,,,,
Office of Space Commerce,303010017,3,3,1,0,17,,0,,,,
International and Interagency Affairs Office,303010018,3,3,1,0,18,,0,,,,
National Marine Fisheries Service,303020000,3,3,2,0,,,25/26,1/14/2017,DataRescue Philly,,1
Office of Habitat Conservation,303020001,3,3,2,0,1,,1,1/14/2017,DataRescue Philly,,
Office of Protected Resources,303020002,3,3,2,0,2,,1,1/14/2017,DataRescue Philly,,
Office of Science and Technology: Cooperative Research (links to joint NOAA projects),303020003,3,3,2,0,3,,1,1/14/2017,DataRescue Philly,,
Marine Mammal and Turtle Science (MMTS),303020004,3,3,2,0,4,,1,1/14/2017,DataRescue Philly,,
MMTS: Research and Development,303020005,3,3,2,0,5,,1,1/14/2017,DataRescue Philly,,
Ecosystems Program: Integrated Ecosystem Assessment,303020006,3,3,2,0,6,,1,1/14/2017,DataRescue Philly,,
Ecosystems: Climate Research,303020007,3,3,2,0,7,,1,1/14/2017,DataRescue Philly,,
Data Portal: Protected Species Incidental Takes (PSIT),303020008,3,3,2,0,8,,1,1/14/2017,DataRescue Philly,,
Economics Program: Marine Protected Area Research Program,303020009,3,3,2,0,9,,1,1/14/2017,DataRescue Philly,,
Data Portal: Species Information System,303020010,3,3,2,0,10,,0,,,,
Office of Sustainable Fisheries,303020011,3,3,2,0,11,,1,1/14/2017,DataRescue Philly,,
Aquaculture: United States Aquaculture,303020012,3,3,2,0,12,,1,1/14/2017,DataRescue Philly,,
Aquaculture: Document Library,303020013,3,3,2,0,13,,1,1/14/2017,DataRescue Philly,,
Data Portal: InPort,303020014,3,3,2,0,14,,1,1/14/2017,DataRescue Philly,,
Data Portal: Enterprise Management Data,303020015,3,3,2,0,15,,1,1/14/2017,DataRescue Philly,,
Data Portal: Commercial Fisheries Statistics,303020016,3,3,2,0,16,,1,1/14/2017,DataRescue Philly,,
Data Portal: Recreational Fisheris Statistics,303020017,3,3,2,0,17,,1,1/14/2017,DataRescue Philly,,
Data Portal: Fisheries Economic Impact Tool,303020018,3,3,2,0,18,,1,1/14/2017,DataRescue Philly,,
Observer Program,303020019,3,3,2,0,19,,1,1/14/2017,DataRescue Philly,,
Stock Assessment,303020020,3,3,2,0,20,,1,1/14/2017,DataRescue Philly,,
Seafood Inspection,303020021,3,3,2,0,21,,1,1/14/2017,DataRescue Philly,,
"Office of International Affairs: Illegal, Unreported, and Unregulated Fishing and Seafood",303020022,3,3,2,0,22,,1,1/26/2017,DatRescue Philly 2,,
Law Enforcement: International Program,303020023,3,3,2,0,23,,1,1/14/2017,DataRescue Philly,,
Law Enforcement: Vessel Monitoring System Program,303020024,3,3,2,0,24,,1,1/14/2017,DataRescue Philly,,
Law Enforcement: Cooperative Enforcement Program,303020025,3,3,2,0,25,,1,1/14/2017,DataRescue Philly,,
Law Enforcement: Bio-Loan Program,303020026,3,3,2,0,26,,1,1/14/2017,DataRescue Philly,,
National Weather Service,303040000,3,3,4,0,,,27/27,,,,1
Radar Operations Center,303040001,3,3,4,0,1,,1,1/27-1/28,A2 Datarescue,,
National Forecast Maps,303040002,3,3,4,0,2,,1,1/27-1/28,A2 Datarescue,,
National Buoy Data Center,303040003,3,3,4,0,3,,1,1/27-1/28,A2 Datarescue,,
"Office of Climate, Water, and Weather Services",303040004,3,3,4,0,4,,1,1/27-1/28,A2 Datarescue,,
Historical Weather Data,303040005,3,3,4,0,5,,1,1/27-1/28,A2 Datarescue,,
Meteorological Development Laboratory,303040006,3,3,4,0,6,,1,1/27-1/28,A2 Datarescue,,
Office of Science and Technology Integration,303040007,3,3,4,0,7,,1,1/27-1/28,A2 Datarescue,,
National Centers for Environmental Prediction (NCEP): Aviation Weather Center,303040008,3,3,4,0,8,,1,1/27-1/28,A2 Datarescue,,
NCEP: Climate Prediction Center,303040009,3,3,4,0,9,,1,1/27-1/28,A2 Datarescue,,
NCEP: Environmental Modeling Center,303040010,3,3,4,0,10,,1,1/27-1/28,A2 Datarescue,,
NCEP: National Hurricane Center,303040011,3,3,4,0,11,,1,1/27-1/28,A2 Datarescue,,
NCEP: Ocean Prediction Center,303040012,3,3,4,0,12,,1,1/27-1/28,A2 Datarescue,,
NCEP: Space Weather Prediction Center,303040013,3,3,4,0,13,,1,1/27-1/28,A2 Datarescue,,
NCEP: Storm Prediction Center,303040014,3,3,4,0,14,,1,1/27-1/28,A2 Datarescue,,
NCEP: Weather Prediction Center,303040015,3,3,4,0,15,,1,1/27-1/28,A2 Datarescue,,
NCEP: NCEP Central Operations,303040016,3,3,4,0,16,,1,1/27-1/28,A2 Datarescue,,
NCEP: Office of the Director,303040017,3,3,4,0,17,,1,1/27-1/28,A2 Datarescue,,
Regional Headquarters: Alaska Region,303040018,3,3,4,0,18,,1,1/27-1/28,A2 Datarescue,,
Regional Headquarters: Central Region,303040019,3,3,4,0,19,,1,1/27-1/28,A2 Datarescue,,
Regional Headquarters: Eastern Region,303040020,3,3,4,0,20,,1,1/27-1/28,A2 Datarescue,,
Regional Headquarters: Pacific Region,303040021,3,3,4,0,21,,1,1/27-1/28,A2 Datarescue,,
Regional Headquarters: Southern Region,303040022,3,3,4,0,22,,1,1/27-1/28,A2 Datarescue,,
Regional Headquarters: Western Region,303040023,3,3,4,0,23,,1,1/27-1/28,A2 Datarescue,,
Office of Water Prediction,303040024,3,3,4,0,24,,1,1/27-1/28,A2 Datarescue,,
Weather Safety,303040025,3,3,4,0,25,,1,1/27-1/28,A2 Datarescue,,
Geographic Informational Systems Data Portal,303040026,3,3,4,0,26,,1,1/27-1/28,A2 Datarescue,,
Information Center,303040027,3,3,4,0,27,,1,1/27-1/28,A2 Datarescue,,
Office of Oceanic & Atmospheric Research,303060000,3,3,6,0,,,10-Oct,1/14/2017,DataRescue Philly,,1
Atlantic Oceanographic and Meteorological Laboratory,303060001,3,3,6,0,1,,1,1/27-1/28,A2 Datarescue,,
Air Resources Laboratory,303060002,3,3,6,0,2,,1,1/14/2017,DataRescue Philly,,
Earth System Research Laboratory: Research,303060003,3,3,6,0,3,,1,1/14/2017,DataRescue Philly,,
Geophysical Fluid Dynamics Laboratory,303060004,3,3,6,0,4,,1,1/26/2017,DatRescue Philly 2,,
Great Lakes Environmental Research Laboratory,303060005,3,3,6,0,5,,1,1/14/2017,DataRescue Philly,,
National Severe Storms Laboratory,303060006,3,3,6,0,6,,1,1/14/2017,DataRescue Philly,,
Pacific Marine Environmental Laboratory,303060007,3,3,6,0,7,,1,1/26/2017,DatRescue Philly 2,,
Ocean Exploration and Research,303060008,3,3,6,0,8,,1,1/26/2017,DatRescue Philly 2,,
Sensing Hazards with Operational Unmanned Technology,303060009,3,3,6,0,9,,1,1/14/2017,DataRescue Philly,,
Ocean Acidification Program,303060010,3,3,6,0,10,,1,1/26/2017,DatRescue Philly 2,,
National Center for Environmental Information,303010100,3,3,1,1,,,30/30,1/14/2017,DataRescue Philly,,1
Cooperative Institute for Climate and Satellites,303010101,3,3,1,1,1,,1,1/14/2017,DataRescue Philly,,
Cooperative Institute for Climate and Satellites?North Carolina (CICS-NC): Portfolio,303010102,3,3,1,1,2,,1,1/14/2017,DataRescue Philly,,
CICS-NC: Expertise,303010103,3,3,1,1,3,,1,1/14/2017,DataRescue Philly,,
CICS-NC: Data,303010104,3,3,1,1,4,,1,1/14/2017,DataRescue Philly,,
CICS-NC: Programs,303010105,3,3,1,1,5,,1,1/14/2017,DataRescue Philly,,
Cooperative Institute for Climate and Satellites?Maryland (CICS-MD): Data,303010106,3,3,1,1,6,,1,1/14/2017,DataRescue Philly,,
CICS-MD: Research Projects,303010107,3,3,1,1,7,,1,1/14/2017,DataRescue Philly,,
Cooperative Institute for Research in Environmental Sciences (CIRES): Research Areas,303010108,3,3,1,1,8,,1,1/14/2017,DataRescue Philly,,
CIRES: Divisions,303010109,3,3,1,1,9,,1,1/14/2017,DataRescue Philly,,
CIRES: Programs,303010110,3,3,1,1,10,,1,1/14/2017,DataRescue Philly,,
CIRES: Annual Reports,303010111,3,3,1,1,11,,1,1/14/2017,DataRescue Philly,,
Northeast Regional Climate Center,303010112,3,3,1,1,12,,1,1/14/2017,DataRescue Philly,,
Southeast Regional Climate Center: Climate Data (mainly uncrawlable maps),303010113,3,3,1,1,13,,1,1/14/2017,DataRescue Philly,,
Southeast Regional Climate Center: Weather and Climate (mainly uncrawlable maps),303010114,3,3,1,1,14,,1,1/14/2017,DataRescue Philly,,
Southeast Regional Climate Center: Special Topics (mix of seedable pages and uncrawlable maps),303010115,3,3,1,1,15,,1,1/14/2017,DataRescue Philly,,
Southern Regional Climate Center: Tropical Desk (mainly uncrawlable maps),303010116,3,3,1,1,16,,1,1/14/2017,DataRescue Philly,,
Southern Regional Climate Center: Climate Services,303010117,3,3,1,1,17,,1,1/14/2017,DataRescue Philly,,
Southern Regional Climate Center: Current Weather (uncrawlable map with links),303010118,3,3,1,1,18,,1,1/14/2017,DataRescue Philly,,
High Plains Regional Climate Center: Online Data Services (mix of crawlable and uncrawlable data),303010119,3,3,1,1,19,,1,1/14/2017,DataRescue Philly,,
High Plains Regional Climate Center: Research Projects (links to specific project pages with a mix of crawlable and uncrawlable data),303010120,3,3,1,1,20,,1,1/14/2017,DataRescue Philly,,
Midwestern Regional Climate Center: cli-MATE Online Data Portal (requires sign-in),303010121,3,3,1,1,21,,1,1/14/2017,DataRescue Philly,,
Midwestern Regional Climate Center: Vegetation Impact Program,303010122,3,3,1,1,22,,1,1/14/2017,DataRescue Philly,,
Midwestern Regional Climate Center: Resources,303010123,3,3,1,1,23,,1,1/14/2017,DataRescue Philly,,
Midwestern Regional Climate Center: Midwest Climate Watch,303010124,3,3,1,1,24,,1,1/14/2017,DataRescue Philly,,
Western Regional Climate Center: Data Projects,303010125,3,3,1,1,25,,1,1/14/2017,DataRescue Philly,,
Western Regional Climate Center: Research Projects,303010126,3,3,1,1,26,,1,1/14/2017,DataRescue Philly,,
National Climatic Data Center: Climate Information,303010127,3,3,1,1,27,,1,1/14/2017,DataRescue Philly,,
National Geophysical Data Center,303010128,3,3,1,1,28,,1,1/14/2017,DataRescue Philly,,
National Oceanographic Data Center,303010129,3,3,1,1,29,,1,1/14/2017,DataRescue Philly,,
National Coastal Data Development Center,303010130,3,3,1,1,30,,1,1/14/2017,DataRescue Philly,,
Directorate of Enforcement Programs,416000000,4,16,0,0,,,0/17,,,,1
Office of Federal Agency Programs (OFAP) [29 CFR Part 1960]: Federal Agency Safety and Health Occupational Injury and Illness Statistics,416000001,4,16,0,0,1,,0,,,,
OFAP: Training for Federal Agencies (TFA),416000002,4,16,0,0,2,,0,,,,
"OFAP: Other Information for Federal Agencies (Federal Poster, Field Federal Safety and Health Councils and more)",416000003,4,16,0,0,3,,0,,,,
"Office of Maritime Enforcement (OME) [29 CFR Parts 1915, 1917, 1918, and 1919]",416000004,4,16,0,0,4,,0,,,,
OSHA Enforcement Landing Page (OSHAELP): Training,416000005,4,16,0,0,5,,0,,,,
OSHAELP: Recent Industry Alerts/Letters,416000006,4,16,0,0,6,,0,,,,
OSHAELP: Enforcement Initiatives,416000007,4,16,0,0,7,,0,,,,
OSHAELP: Targeted Enforcement,416000008,4,16,0,0,8,,0,,,,
OSHAELP: Severe Violators,416000009,4,16,0,0,9,,0,,,,
OSHAELP: Recent Compliance Directives,416000010,4,16,0,0,10,,0,,,,
OSHAELP: Press Releases of Significant Enforcement Cases,416000011,4,16,0,0,11,,0,,,,
OSHAELP: Compliance Assistance,416000012,4,16,0,0,12,,0,,,,
OSHAELP: Enforcement Data,416000013,4,16,0,0,13,,0,,,,
OSHAELP: Enforcement Policies,416000014,4,16,0,0,14,,0,,,,
OSHAELP: Federal Agency Programs,416000015,4,16,0,0,15,,0,,,,
OSHAELP: Complaints,416000016,4,16,0,0,16,,0,,,,
Enforcement Data Portal,416000017,4,16,0,0,17,,0,,,,
Science Mission Directorate: Earth Science,#VALUE!,,Each mission will have an individual code,,,,,27/27,,,,1
Suomi National Polar-orbiting Partnership,501010301,5,1,1,3,1,,1,1/27-1/28,A2 Datarescue,"Also at DataRescue SF, 2/11",
Landsat Data Continuity Mission ,501010402,5,1,1,4,2,,1,1/27-1/28,A2 Datarescue,"Also at DataRescue SF, 2/11",
CLARREO,501010103,5,1,1,1,3,,1,1/27-1/28,A2 Datarescue,"Also at DataRescue SF, 2/11",
Aquarius,501010204,5,1,1,2,4,,1,1/27-1/28,A2 Datarescue,"Also at DataRescue SF, 2/11",
Global Precipitation Measurement,501010505,5,1,1,5,5,,1,1/27-1/28,A2 Datarescue,"Also at DataRescue SF, 2/11",
Soil Moisture Active-Passive,501010606,5,1,1,6,6,,1,1/27-1/28,A2 Datarescue,,
"Ice, Cloud and land Elevation Satellite",501010707,5,1,1,7,7,,1,1/27-1/28,A2 Datarescue,"Also at DataRescue SF, 2/11",
Hyperspectral Infrared Imager,501010808,5,1,1,8,8,,1,1/27-1/28,A2 Datarescue,"Also at DataRescue SF, 2/11",
"Active Sensing of CO2Emissions Over Nights, Days, and Seasons",501010909,5,1,1,9,9,,1,1/27-1/28,A2 Datarescue,"Also at DataRescue SF, 2/11",
Surface Water and Topography,501011010,5,1,1,10,10,,1,1/27-1/28,A2 Datarescue,"Also at DataRescue SF, 2/11",
Geostationary Coastal and Air Pollution Events,501011111,5,1,1,11,11,,1,1/27-1/28,A2 Datarescue,"Also at DataRescue SF, 2/11",
Orbiting Carbon Observatory-2 ,501011412,5,1,1,14,12,,1,1/27-1/28,A2 Datarescue,"Also at DataRescue SF, 2/11",
Stratospheric Aerosol and Gas Experiment ? III,501011513,5,1,1,15,13,,1,1/27-1/28,A2 Datarescue,"Also at DataRescue SF, 2/11",
Earth Venture Missions,501011314,5,1,1,13,14,,1,1/27-1/28,A2 Datarescue,"Also at DataRescue SF, 2/11",
Aerosol-Clouds-Ecosystems,501011215,5,1,1,12,15,,1,1/27-1/28,A2 Datarescue,"Also at DataRescue SF, 2/11",
Gravity Recovery and Climate Experiment Follow-on,501011616,5,1,1,16,16,,1,1/27-1/28,A2 Datarescue,"Also at DataRescue SF, 2/11",
"Plankton, Aerosol, Cloud, ocean Ecosystem",501011717,5,1,1,17,17,,1,1/27-1/28,A2 Datarescue,"Also at DataRescue SF, 2/11",
Programs: Research and Analysis,501020118,5,1,2,1,18,,1,1/27-1/28,A2 Datarescue,"Also at DataRescue SF, 2/11",
Applied Science,501020219,5,1,2,2,19,,1,1/27-1/28,A2 Datarescue,"Also at DataRescue SF, 2/11",
Airborne Science Program,501020320,5,1,2,3,20,,1,1/27-1/28,A2 Datarescue,"Also at DataRescue SF, 2/11",
Technology Office,501020421,5,1,2,4,21,,1,1/27-1/28,A2 Datarescue,"Also at DataRescue SF, 2/11",
Addressing Global Challenges Programs,501040022,5,1,4,0,22,,1,1/27-1/28,A2 Datarescue,"Also at DataRescue SF, 2/11",
Earth Observing System Data and Information System,501030123,5,1,3,1,23,,1,1/27-1/28,A2 Datarescue,"Also at DataRescue SF, 2/11",
CloudSat Data Processing Center,501030224,5,1,3,2,24,,1,1/27-1/28,A2 Datarescue,"Also at DataRescue SF, 2/11",
LASP Solar Irradiance Data Center,501030325,5,1,3,3,25,,1,1/27-1/28,A2 Datarescue,"Also at DataRescue SF, 2/11",
Precipitation Processing System,501030426,5,1,3,4,26,,1,1/27-1/28,A2 Datarescue,"Also at DataRescue SF, 2/11",
Global Climate Change,501000027,5,1,0,0,27,,1,1/27-1/28,A2 Datarescue,"Also at DataRescue SF, 2/11",
Sciences and Exploration Directorate: Earth Sciences,#VALUE!,,Each mission will have an individual code,,,,,14/14,,,,1
Global Modeling and Assimilitation Office,601010001,6,1,1,0,1,,1,1/27-1/28,A2 Datarescue,"Also at DataRescue SF, 2/11",
Global Change Data Center,601020002,6,1,2,0,2,,1,1/27-1/28,A2 Datarescue,"Also at DataRescue SF, 2/11",
Field Support Office,601030003,6,1,3,0,3,,1,1/27-1/28,A2 Datarescue,"Also at DataRescue SF, 2/11",
Goddard Applied Sciences,601140004,6,1,14,0,4,,1,1/27-1/28,A2 Datarescue,"Also at DataRescue SF, 2/11",
Goddard Institute for Space Sciences,601040005,6,1,4,0,5,,1,1/27-1/28,A2 Datarescue,"Also at DataRescue SF, 2/11",
Mesocale Atmospheric Processes Laboratory,601050006,6,1,5,0,6,,1,1/27-1/28,A2 Datarescue,"Also at DataRescue SF, 2/11",
Climate and Radiation Laboratory,601060007,6,1,6,0,7,,1,1/27-1/28,A2 Datarescue,"Also at DataRescue SF, 2/11",
Atmospheric Chemstiry and Dnamics Laboratory,601070008,6,1,7,0,8,,1,1/27-1/28,A2 Datarescue,"Also at DataRescue SF, 2/11",
Cryospheric Sciences Laboratory,601080009,6,1,8,0,9,,1,1/27-1/28,A2 Datarescue,"Also at DataRescue SF, 2/11",
Ocean Ecology Laboratory,601090010,6,1,9,0,10,,1,1/27-1/28,A2 Datarescue,"Also at DataRescue SF, 2/11",
Hydrological Sciences Laboroaty,601100011,6,1,10,0,11,,1,1/27-1/28,A2 Datarescue,"Also at DataRescue SF, 2/11",
Biospheric Sceiences Laboroatry,601110012,6,1,11,0,12,,1,1/27-1/28,A2 Datarescue,"Also at DataRescue SF, 2/11",
Terrestiral Information Systems Lab,601120013,6,1,12,0,13,,1,1/27-1/28,A2 Datarescue,"Also at DataRescue SF, 2/11",
Geodesy and Geophsycs Lab,601130014,6,1,13,0,14,,1,1/27-1/28,A2 Datarescue,"Also at DataRescue SF, 2/11",
Bureau of Land Management,804010000,8,4,1,0,,,30/30,,,,1
Laws and Regulations,804010001,8,4,1,0,1,,1,4-Feb,DataRescue NYC,,
Land Planning and the National Environmental Policy Act (NEPA),804010002,8,4,1,0,2,,1,4-Feb,DataRescue NYC,,
Wild Horse and Burro,804010003,8,4,1,0,3,,1,4-Feb,DataRescue NYC,,
Lands and Realty,804010004,8,4,1,0,4,,1,4-Feb,DataRescue NYC,,
Public Safety and Fire,804010005,8,4,1,0,5,,1,4-Feb,DataRescue NYC,,
Cultural Heritage and Paleontology,804010006,8,4,1,0,6,,1,4-Feb,DataRescue NYC,,
Natural Resources,804010007,8,4,1,0,7,,1,4-Feb,DataRescue NYC,,
Fish and Wildlife,804010008,8,4,1,0,8,,1,4-Feb,DataRescue NYC,,
Energy and Minerals: Renewable Energy,804010009,8,4,1,0,9,,1,4-Feb,DataRescue NYC,,
Energy and Minerals: Oil and Gas ,804010010,8,4,1,0,10,,1,4-Feb,DataRescue NYC,,
Energy and Minerals: Coal,804010011,8,4,1,0,11,,1,4-Feb,DataRescue NYC,,
Energy and Minerals: Mining and Minerals ,804010012,8,4,1,0,12,,1,4-Feb,DataRescue NYC,,
Energy and Minerals: Helium,804010013,8,4,1,0,13,,1,4-Feb,DataRescue NYC,,
National Conservation Lands ,804010014,8,4,1,0,14,,1,4-Feb,DataRescue NYC,,
Alaska,804010015,8,4,1,0,15,,1,4-Feb,DataRescue NYC,,
Arizona,804010016,8,4,1,0,16,,1,4-Feb,DataRescue NYC,,
California,804010017,8,4,1,0,17,,1,4-Feb,DataRescue NYC,,
Colorado,804010018,8,4,1,0,18,,1,4-Feb,DataRescue NYC,,
Eastern States,804010019,8,4,1,0,19,,1,4-Feb,DataRescue NYC,,
Idaho,804010020,8,4,1,0,20,,1,4-Feb,DataRescue NYC,,
Montana-Dakotas,804010021,8,4,1,0,21,,1,4-Feb,DataRescue NYC,,
Nevada,804010022,8,4,1,0,22,,1,4-Feb,DataRescue NYC,,
New Mexico,804010023,8,4,1,0,23,,1,4-Feb,DataRescue NYC,,
Oregon-Washington,804010024,8,4,1,0,24,,1,4-Feb,DataRescue NYC,,
Utah,804010025,8,4,1,0,25,,1,4-Feb,DataRescue NYC,,
Wyoming,804010026,8,4,1,0,26,,1,4-Feb,DataRescue NYC,,
Land Records,804010027,8,4,1,0,27,,1,4-Feb,DataRescue NYC,,
Landscape Approach Portal,804010028,8,4,1,0,28,,1,4-Feb,DataRescue NYC,,
Socioeconomics Program,804010029,8,4,1,0,29,,1,4-Feb,DataRescue NYC,,
Freedom of Information Act (FOIA) Program,804010030,8,4,1,0,30,,1,4-Feb,DataRescue NYC,,
Office of Surface Mining Reclamation and Enforcement,804020000,8,4,2,0,,,0/19,,,,1
Coal Mine Regulation Programs,804020001,8,4,2,0,1,,0,,,,
Technology Development and Transfer Programs,804020002,8,4,2,0,2,,0,,,,
Abandoned Mine Land Reclamation Programs,804020003,8,4,2,0,3,,0,,,,
Applicant Violator System,804020004,8,4,2,0,4,,0,,,,
Bonding Program,804020005,8,4,2,0,5,,0,,,,
Federal Lands Program,804020006,8,4,2,0,6,,0,,,,
Indian Lands Program,804020007,8,4,2,0,7,,0,,,,
National Technology Transfer Team,804020008,8,4,2,0,8,,0,,,,
State Tribal Oversight Program,804020009,8,4,2,0,9,,0,,,,
Technical Discipline Support,804020010,8,4,2,0,10,,0,,,,
Grants,804020011,8,4,2,0,11,,0,,,,
Training Programs,804020012,8,4,2,0,12,,0,,,,
Laws and Regulations,804020013,8,4,2,0,13,,0,,,,
Resources and Library,804020014,8,4,2,0,14,,0,,,,
Tribal Partners,804020015,8,4,2,0,15,,0,,,,
Initiatives,804020016,8,4,2,0,16,,0,,,,
Appalachian Region,804020017,8,4,2,0,17,,0,,,,
Midcontinent Region,804020018,8,4,2,0,18,,0,,,,
Western Region,804020019,8,4,2,0,19,,0,,,,
